,User ID,Username
0,48grvgyx,gorrister_
1,86vr2l0j,SanchoPanda
2,7j4rd2l8,Karekusa
3,qjo23l86,Blink
4,xy5prlz8,mars9
5,8e9mn72j,Yu_sya27
6,zxz2dzrx,PeteDorr
7,x3md7gq8,Hayaoki
8,e8eyk3px,BrandNew
9,pj0plqrx,Jaikhay
10,jn3q904x,theznake
11,e8e6m1oj,Lucas_Bonito_
12,qj2g7n8k,SamuraiBlue
13,qj25qv6j,TikTak
14,zx7o53rj,SpikeyMcVein
15,5j51vgn8,Stockie
16,zxzww09x,Burrito_Jon
17,dx3kzejl,Shizoku
18,7j4nyrwx,SableDragonRook
19,j2y6pgo8,RUBIEHART
20,qjov650x,John_Beavers
21,8r29d16x,Sunbrojade
22,18qzdo8n,Beuchiism
23,kjpzz0xq,Benko
24,x7q22yy8,Nazzareno
25,zxzn209x,gooperman
26,xko00mm8,Vexel
27,j5wp1d6j,Usurpering
28,x3q9ryej,GODMASTER
29,v8lprllj,GameJesters
30,zx7m7oyx,GustavoPredador
31,zxz24g0x,paçocagames
32,5j5w5g6j,Neurotaku
33,y8dww7gj,Shirapon
34,81096ylx,Ayo_
35,xy54y1m8,MauricinhoPOWER
36,61xy4nxr,Meows
37,dx3qpkjl,kintonians
38,18qqo08n,Distortion2
39,68wl1nvj,Ninnyz
40,qjo337j6,the_otaku_gamer
41,68wvv4xg,desktopc4
42,y8dwlmj6,FOXDIE
43,18qzo5d8,jmobman
44,kj92lwn8,PinkAndOrangeAndGold
45,x35p5kej,GabrielXP76
46,y8dg3m58,Moses526
47,v81mnop8,lord_pantyhose
48,1xyerv8r,Bobbykaze
49,kv81npjp,WedSR
50,v810pnqx,Mi5KL
51,8v6pp2ex,gooroki
52,7j4wenlx,pokte
53,8rp1ngqj,judooochp
54,7j40q0m8,Neremz
55,48gw37jp,spansy
56,dx3q0ejl,Naegleria
57,v8l2wz4x,FatMikeTizzle
58,0jmvvyej,Stormglad
59,18qvzl7x,Cimeries-
60,81071o5x,HugoPlayer
61,dx37yp78,Ohrami
62,j5qzzpqj,YnsistentHM
63,48grk57x,Kromer
64,8w9yopvj,BGAMESBrasil
65,kj92m4r8,Nordanix
66,0jm112yj,Dr_Gokiburi
67,0jm67do8,level_select
68,dx3d4q8l,NekoCoffee
69,8enyyq78,ThirdEye505
70,8qo1m7qj,Lekupaz
71,qj22zkpj,WanderingRiku
72,xyml30zx,El_God_speed
73,xkmdem9j,LeTaynan
74,98r30ld8,Dawnmetty
75,x7261ny8,miggnuggets
76,kj97onnx,Goatyye
77,kj9e46o8,Bolinho
78,98rvypgj,Madorashi
79,e8eer0d8,Pajhen
80,jpyggd4j,Jorgeton13
81,e8e54zd8,holographic
82,v81lw63x,LolDaGreat
83,j0vodwmx,Pdo13
84,j926g6o8,Incep_Sean
85,y8dryplx,FoxyJira
86,v8l1k52j,AidanRU
87,y8drgnmx,TheChronUltimate
88,8dgg79m8,soulmass218
89,xyr6v7nj,temporalmechanic
90,18q36w0j,SethLeSeptième
91,qj2lrwnx,Sullivan745
92,j0vooe4x,JustDaveTM
93,863oq2p8,GreenyTheGoblin
94,xk341068,TitanessNyx
95,8ge055rj,Arthurdelatableronde
96,jn9mrw1x,RaziAdAstra
97,x3qwmlqj,VermillionRuns
98,xk44m3mj,Seselis
99,7j49prm8,Eguchi
100,jpy3d30j,coco_yuri
101,j0n5r738,E_Ksun
102,xymveqnx,Pillbughug
103,8qz7plo8,TecKAneK
104,zxz52mrx,ABigWetFlannel
105,8wlmz2lj,beckfestIGuess
106,e8e4okox,PLAYERNAMEDGUS
107,v8lnqprx,forestsnoweyesviii
108,48gdw318,Izaden
109,8en9pmo8,SweetLordRegis
110,jp49mr5j,CBL3GIT
111,o86vmv3j,Elajjaz
112,pj0dqkmx,localassailant
113,18qg59qx,Darksaber
114,0jm71eyj,LipeLP
115,qj2579pj,Tacumoto
116,jnzg1rdj,OhHyucc
117,xy5rdkz8,BilionWaiF_Br
118,v8lo9m28,DaddyMaterial
119,8q5v7z78,ftp_junior
120,8dwlr2lj,ColonUchiha
121,68w57738,Dakotaplays
122,zx7owdrj,VIICTIIM
123,kj9koo78,Duders
124,jprodq28,LilBunnyRuru
125,zx7v2qrx,Robico
126,48gkzoyj,bobsymay
127,0jm45zyj,odawara
128,1xyvrwyx,Hammerklav
129,zxz425nj,grandspaghetti
130,v8l050r8,Zic3
131,8e9ol7pj,Leostarr3000
132,86n3lr3x,the_batmark
133,dx31zm68,Gaibino
134,zx75zr87,louiskanak
135,jmpq7nyj,EarthmanAbomination
136,xz7v079j,TheDough_Nut
137,j2yvgeo8,Optomitron
138,98rvqr6j,Jacksepticeye
139,8d39919x,sadicjoker
140,jpm15vkj,Bombosef
141,x3m1k5q8,Lynarth
142,o86pwp0j,veyzuo
143,j5191z68,IdealAndTheReal
144,18q1ylwx,FarhadSurd
145,e8e6gk2j,stroodlydoodles
146,8lp2w4lj,aRamblingVoice
147,j926mzw8,mitch2161998
148,xzlnevr8,Zavatch
149,kjpnn40x,KisuMocha
150,68weyzl8,BubbletrixKiddo
151,j26yww7x,Maq2207_shadow
152,j26ewppx,MisterWitty
153,8dw1w2lj,HallsNutellaBR
154,xzl9dm98,tropyhxnterfidl
155,j4rg0ev8,sebastiank2939
156,jmom7l48,upsil
157,8d476958,walter_the_conqueror
158,qxkp039j,satsu
159,8w1eklqx,TheLordismyGod
160,8e630yoj,BlackberryDragon
161,8wk1v3q8,Frakasse
162,qjon4ml8,JuddMan03
163,7j4dl0vj,Nexxy
164,8dw5g4gj,Ray_YU
165,v81223jp,papertwo
166,8q67z5dj,Villene
167,8r72v3qj,Samsen
168,pj06m4jw,Link130890
169,8q3yk4oj,briandavidson
